Workbook
Name Slicer_LoanType: #N/A
Name Slicer_Region: #N/A
Name Slicer_Risk_Level: #N/A
Name Slicer_Status: #N/A

Sheet Dashboard
D1: Status | E1: Defaulted
A3: Row Labels | B3: Sum of LoanAmount | D3: Row Labels | E3: Count of LoanID | F3: Count of Status | H3: Row Labels | I3: Count of LoanID | L3: Row Labels | M3: Sum of LoanAmount | O3: Count of LoanID | P3: Column Labels
A4: East | B4: 125556742 | D4: Business Loan | E4: 19 | F4: 19 | H4: High Risk | I4: 161 | L4: 2022 | M4: 185888429 | O4: Row Labels | P4: Active | Q4: Closed | R4: Defaulted | S4: Grand Total
A5: North | B5: 116070396 | D5: Car Loan | E5: 11 | F5: 11 | H5: Low Risk | I5: 133 | L5: 2023 | M5: 195661403 | O5: Business Loan | P5: 87 | Q5: 40 | R5: 19 | S5: 146
A6: South | B6: 147667437 | D6: Home Loan | E6: 10 | F6: 10 | H6: Medium Risk | I6: 206 | L6: 2024 | M6: 133817924 | O6: Car Loan | P6: 72 | Q6: 36 | R6: 11 | S6: 119
A7: West | B7: 126073181 | D7: Personal Loan | E7: 8 | F7: 8 | H7: Grand Total | I7: 500 | L7: Grand Total | M7: 515367756 | O7: Home Loan | P7: 76 | Q7: 31 | R7: 10 | S7: 117
A8: Grand Total | B8: 515367756 | D8: Grand Total | E8: 48 | F8: 48 | O8: Personal Loan | P8: 71 | Q8: 39 | R8: 8 | S8: 118
O9: Grand Total | P9: 306 | Q9: 146 | R9: 48 | S9: 500

Sheet Loan_Data
A1: LoanID | B1: CustomerID | C1: Age | D1: Income | E1: LoanAmount | F1: InterestRate | G1: TenureMonths | H1: CreditScore | I1: Region | J1: LoanType | K1: EMI | L1: Status | M1: StartDate | N1: City | O1: Employment Type | P1: Salary Band | Q1: Risk_Level
A2: L00001 | B2: C0174 | C2: 39 | D2: 40513 | E2: 707284 | F2: 10.82 | G2: 60 | H2: 515 | I2: North | J2: Business Loan | K2: 15315 | L2: Closed | M2: 44953 | N2: =_xlfn.XLOOKUP(B2,Customer_Master!A:A,Customer_Master!C:C,"Not Found") -> Hyderabad | O2: =_xlfn.XLOOKUP(B2,Customer_Master!A:A,Customer_Master!D:D,"Not Found") -> Self-Employed | P2: =_xlfn.XLOOKUP(B2,Customer_Master!A:A,Customer_Master!E:E,"Not Found") -> High | Q2: {=_xlfn.IFS(H2<600,"High Risk",H2<=750,"Medium Risk",TRUE,"Low Risk")} -> High Risk
A3: L00002 | B3: C0180 | C3: 43 | D3: 82375 | E3: 921446 | F3: 13.98 | G3: 180 | H3: 810 | I3: East | J3: Car Loan | K3: 12259 | L3: Active | M3: 44569 | N3: =_xlfn.XLOOKUP(B3,Customer_Master!A:A,Customer_Master!C:C,"Not Found") -> Chennai | O3: =_xlfn.XLOOKUP(B3,Customer_Master!A:A,Customer_Master!D:D,"Not Found") -> Salaried | P3: =_xlfn.XLOOKUP(B3,Customer_Master!A:A,Customer_Master!E:E,"Not Found") -> High | Q3: {=_xlfn.IFS(H3<600,"High Risk",H3<=750,"Medium Risk",TRUE,"Low Risk")} -> Low Risk
A4: L00003 | B4: C0166 | C4: 40 | D4: 154952 | E4: 907995 | F4: 8.83 | G4: 12 | H4: 650 | I4: East | J4: Business Loan | K4: 79334 | L4: Active | M4: 45047 | N4: =_xlfn.XLOOKUP(B4,Customer_Master!A:A,Customer_Master!C:C,"Not Found") -> Pune | O4: =_xlfn.XLOOKUP(B4,Customer_Master!A:A,Customer_Master!D:D,"Not Found") -> Business Owner | P4: =_xlfn.XLOOKUP(B4,Customer_Master!A:A,Customer_Master!E:E,"Not Found") -> High | Q4: {=_xlfn.IFS(H4<600,"High Risk",H4<=750,"Medium Risk",TRUE,"Low Risk")} -> Medium Risk
A5: L00004 | B5: C0104 | C5: 25 | D5: 90944 | E5: 449052 | F5: 7.78 | G5: 12 | H5: 672 | I5: South | J5: Home Loan | K5: 39017 | L5: Active | M5: 45306 | N5: =_xlfn.XLOOKUP(B5,Customer_Master!A:A,Customer_Master!C:C,"Not Found") -> Chennai | O5: =_xlfn.XLOOKUP(B5,Customer_Master!A:A,Customer_Master!D:D,"Not Found") -> Business Owner | P5: =_xlfn.XLOOKUP(B5,Customer_Master!A:A,Customer_Master!E:E,"Not Found") -> High | Q5: {=_xlfn.IFS(H5<600,"High Risk",H5<=750,"Medium Risk",TRUE,"Low Risk")} -> Medium Risk
A6: L00005 | B6: C0182 | C6: 26 | D6: 155250 | E6: 1975970 | F6: 8.36 | G6: 180 | H6: 577 | I6: West | J6: Home Loan | K6: 19296 | L6: Active | M6: 45315 | N6: =_xlfn.XLOOKUP(B6,Customer_Master!A:A,Customer_Master!C:C,"Not Found") -> Delhi | O6: =_xlfn.XLOOKUP(B6,Customer_Master!A:A,Customer_Master!D:D,"Not Found") -> Business Owner | P6: =_xlfn.XLOOKUP(B6,Customer_Master!A:A,Customer_Master!E:E,"Not Found") -> High | Q6: {=_xlfn.IFS(H6<600,"High Risk",H6<=750,"Medium Risk",TRUE,"Low Risk")} -> High Risk
A7: L00006 | B7: C0006 | C7: 35 | D7: 182464 | E7: 1108068 | F7: 16.22 | G7: 48 | H7: 567 | I7: West | J7: Business Loan | K7: 31528 | L7: Defaulted | M7: 45134 | N7: =_xlfn.XLOOKUP(B7,Customer_Master!A:A,Customer_Master!C:C,"Not Found") -> Bangalore | O7: =_xlfn.XLOOKUP(B7,Customer_Master!A:A,Customer_Master!D:D,"Not Found") -> Salaried | P7: =_xlfn.XLOOKUP(B7,Customer_Master!A:A,Customer_Master!E:E,"Not Found") -> Medium | Q7: {=_xlfn.IFS(H7<600,"High Risk",H7<=750,"Medium Risk",TRUE,"Low Risk")} -> High Risk
A8: L00007 | B8: C0094 | C8: 25 | D8: 111247 | E8: 464871 | F8: 13.76 | G8: 36 | H8: 611 | I8: East | J8: Home Loan | K8: 15834 | L8: Closed | M8: 44913 | N8: =_xlfn.XLOOKUP(B8,Customer_Master!A:A,Customer_Master!C:C,"Not Found") -> Chennai | O8: =_xlfn.XLOOKUP(B8,Customer_Master!A:A,Customer_Master!D:D,"Not Found") -> Self-Employed | P8: =_xlfn.XLOOKUP(B8,Customer_Master!A:A,Customer_Master!E:E,"Not Found") -> Low | Q8: {=_xlfn.IFS(H8<600,"High Risk",H8<=750,"Medium Risk",TRUE,"Low Risk")} -> Medium Risk
A9: L00008 | B9: C0089 | C9: 45 | D9: 82621 | E9: 1272571 | F9: 10.42 | G9: 48 | H9: 798 | I9: West | J9: Personal Loan | K9: 32533 | L9: Active | M9: 45481 | N9: =_xlfn.XLOOKUP(B9,Customer_Master!A:A,Customer_Master!C:C,"Not Found") -> Pune | O9: =_xlfn.XLOOKUP(B9,Customer_Master!A:A,Customer_Master!D:D,"Not Found") -> Salaried | P9: =_xlfn.XLOOKUP(B9,Customer_Master!A:A,Customer_Master!E:E,"Not Found") -> High | Q9: {=_xlfn.IFS(H9<600,"High Risk",H9<=750,"Medium Risk",TRUE,"Low Risk")} -> Low Risk
A10: L00009 | B10: C0181 | C10: 39 | D10: 68098 | E10: 768381 | F10: 10.3 | G10: 24 | H10: 794 | I10: North | J10: Personal Loan | K10: 35563 | L10: Active | M10: 45321 | N10: =_xlfn.XLOOKUP(B10,Customer_Master!A:A,Customer_Master!C:C,"Not Found") -> Delhi | O10: =_xlfn.XLOOKUP(B10,Customer_Master!A:A,Customer_Master!D:D,"Not Found") -> Business Owner | P10: =_xlfn.XLOOKUP(B10,Customer_Master!A:A,Customer_Master!E:E,"Not Found") -> High | Q10: {=_xlfn.IFS(H10<600,"High Risk",H10<=750,"Medium Risk",TRUE,"Low Risk")} -> Low Risk
A11: L00010 | B11: C0040 | C11: 25 | D11: 56411 | E11: 1299686 | F11: 14.26 | G11: 36 | H11: 619 | I11: North | J11: Personal Loan | K11: 44584 | L11: Active | M11: 45123 | N11: =_xlfn.XLOOKUP(B11,Customer_Master!A:A,Customer_Master!C:C,"Not Found") -> Chennai | O11: =_xlfn.XLOOKUP(B11,Customer_Master!A:A,Customer_Master!D:D,"Not Found") -> Business Owner | P11: =_xlfn.XLOOKUP(B11,Customer_Master!A:A,Customer_Master!E:E,"Not Found") -> Low | Q11: {=_xlfn.IFS(H11<600,"High Risk",H11<=750,"Medium Risk",TRUE,"Low Risk")} -> Medium Risk
A12: L00011 | B12: C0003 | C12: 36 | D12: 80174 | E12: 478994 | F12: 10.15 | G12: 60 | H12: 839 | I12: West | J12: Business Loan | K12: 10213 | L12: Active | M12: 45202 | N12: =_xlfn.XLOOKUP(B12,Customer_Master!A:A,Customer_Master!C:C,"Not Found") -> Pune | O12: =_xlfn.XLOOKUP(B12,Customer_Master!A:A,Customer_Master!D:D,"Not Found") -> Self-Employed | P12: =_xlfn.XLOOKUP(B12,Customer_Master!A:A,Customer_Master!E:E,"Not Found") -> Low | Q12: {=_xlfn.IFS(H12<600,"High Risk",H12<=750,"Medium Risk",TRUE,"Low Risk")} -> Low Risk
A13: L00012 | B13: C0116 | C13: 29 | D13: 95951 | E13: 737583 | F13: 15.43 | G13: 36 | H13: 764 | I13: East | J13: Personal Loan | K13: 25724 | L13: Active | M13: 45503 | N13: =_xlfn.XLOOKUP(B13,Customer_Master!A:A,Customer_Master!C:C,"Not Found") -> Mumbai | O13: =_xlfn.XLOOKUP(B13,Customer_Master!A:A,Customer_Master!D:D,"Not Found") -> Business Owner | P13: =_xlfn.XLOOKUP(B13,Customer_Master!A:A,Customer_Master!E:E,"Not Found") -> High | Q13: {=_xlfn.IFS(H13<600,"High Risk",H13<=750,"Medium Risk",TRUE,"Low Risk")} -> Low Risk
... A501: L00500 | B501: C0197 | C501: 26 | D501: 177425 | E501: 217876 | F501: 9.26 | G501: 60 | H501: 709 | I501: East | J501: Business Loan | K501: 4550 | L501: Active | M501: 44947 | N501: =_xlfn.XLOOKUP(B501,Customer_Master!A:A,Customer_Master!C:C,"Not Found") -> Pune | O501: =_xlfn.XLOOKUP(B501,Customer_Master!A:A,Customer_Master!D:D,"Not Found") -> Self-Employed | P501: =_xlfn.XLOOKUP(B501,Customer_Master!A:A,Customer_Master!E:E,"Not Found") -> Low | Q501: {=_xlfn.IFS(H501<600,"High Risk",H501<=750,"Medium Risk",TRUE,"Low Risk")} -> Medium Risk

Sheet Customer_Master
A1: CustomerID | B1: CustomerName | C1: City | D1: EmploymentType | E1: SalaryBand | F1: StartDate | G1: LoanAmount
A2: C0001 | B2: Customer 1 | C2: Delhi | D2: Self-Employed | E2: High | F2: 44953 | G2: 707284
A3: C0002 | B3: Customer 2 | C3: Delhi | D3: Salaried | E3: High | F3: 44569 | G3: 921446
A4: C0003 | B4: Customer 3 | C4: Pune | D4: Self-Employed | E4: Low | F4: 45047 | G4: 907995
A5: C0004 | B5: Customer 4 | C5: Chennai | D5: Self-Employed | E5: Low | F5: 45306 | G5: 449052
A6: C0005 | B6: Customer 5 | C6: Bangalore | D6: Self-Employed | E6: High | F6: 45315 | G6: 1975970
A7: C0006 | B7: Customer 6 | C7: Bangalore | D7: Salaried | E7: Medium | F7: 45134 | G7: 1108068
A8: C0007 | B8: Customer 7 | C8: Chennai | D8: Salaried | E8: High | F8: 44913 | G8: 464871
A9: C0008 | B9: Customer 8 | C9: Delhi | D9: Salaried | E9: Low | F9: 45481 | G9: 1272571
A10: C0009 | B10: Customer 9 | C10: Chennai | D10: Self-Employed | E10: High | F10: 45321 | G10: 768381
A11: C0010 | B11: Customer 10 | C11: Delhi | D11: Business Owner | E11: Low | F11: 45123 | G11: 1299686
A12: C0011 | B12: Customer 11 | C12: Chennai | D12: Business Owner | E12: High | F12: 45202 | G12: 478994
A13: C0012 | B13: Customer 12 | C13: Delhi | D13: Business Owner | E13: High | F13: 45503 | G13: 737583
... A201: C0200 | B201: Customer 200 | C201: Pune | D201: Salaried | E201: Medium | F201: 44621 | G201: 752362
F202: 45131 | G202: 803170
F203: 44944 | G203: 239121
F204: 45027 | G204: 1630650
F205: 45211 | G205: 888888
F206: 45266 | G206: 1889897
F207: 45039 | G207: 1527799
F208: 45316 | G208: 999100
F209: 44857 | G209: 1697182
F210: 45329 | G210: 611033
F211: 44991 | G211: 1738037
F212: 44758 | G212: 627332
F213: 45093 | G213: 139525
... F501: 44947 | G501: 217876

Sheet Risk_Rules
A1: CreditScoreRange | B1: RiskLevel
A2: <600 | B2: High Risk
A3: 600-750 | B3: Medium Risk
A4: >750 | B4: Low Risk

Sheet KPI
A1: KPI | B1: Value
A2: Total Loans | B2: =COUNTA(Loan_Data!A:A) -> 501
A3: Total Loan Amount | B3: =SUM(Loan_Data!E:E) -> 515367756
A4: Active Loans | B4: =COUNTIF(Loan_Data!L:L,"Active") -> 306
A5: Default Rate % | B5: =COUNTIF(Loan_Data!L:L,"Defaulted")/ (COUNTA(Loan_Data!A:A)) -> 0.095808383
A6: Avg Credit Score | B6: =AVERAGE(Loan_Data!H:H) -> 657.452
A7: High Risk Customers | B7: =COUNTIF(Loan_Data!Q:Q,"High Risk") -> 161
